timestamp,avg_pm25,avg_vehicles,samples,status
06:05:13,25.06,7.2,282,NORMAL
06:05:43,24.94,7.1,283,NORMAL
06:06:13,25.24,6.7,282,NORMAL
06:06:43,24.77,7.0,282,NORMAL
06:07:13,25.48,7.1,283,NORMAL
06:07:43,25.1,7.1,283,NORMAL
06:08:13,25.22,6.9,283,NORMAL
06:08:43,24.94,6.9,282,NORMAL
06:09:13,24.89,7.0,283,NORMAL
06:09:44,25.05,7.1,283,NORMAL
06:10:14,24.85,7.1,283,NORMAL
06:10:44,24.66,6.9,283,NORMAL
06:11:14,24.7,7.1,283,NORMAL
06:11:44,24.71,6.7,283,NORMAL
06:12:14,24.4,7.2,283,NORMAL
06:12:44,25.28,6.9,283,NORMAL
06:13:14,24.9,7.1,283,NORMAL
06:13:44,25.05,6.6,283,NORMAL
06:14:14,25.2,6.8,283,NORMAL
06:14:44,24.94,7.0,284,NORMAL
06:15:14,25.25,7.0,283,NORMAL
06:15:44,24.87,7.1,283,NORMAL
06:16:14,24.25,7.1,283,NORMAL
06:16:44,24.78,6.9,283,NORMAL
06:17:14,24.86,6.9,283,NORMAL
06:17:44,25.21,7.3,282,NORMAL
06:18:14,24.84,6.9,282,NORMAL
06:18:45,24.9,7.0,283,NORMAL
06:19:15,24.61,7.1,283,NORMAL
06:19:45,24.58,6.8,283,NORMAL
06:20:15,24.95,6.9,283,NORMAL
06:20:45,25.27,7.0,282,NORMAL
06:21:15,25.26,7.0,280,NORMAL
08:51:23,24.95,6.8,270,NORMAL
08:51:54,24.91,7.1,283,NORMAL
08:52:24,24.98,6.9,283,NORMAL
08:52:54,25.14,7.1,283,NORMAL
08:53:24,24.77,6.8,280,NORMAL
08:53:54,24.88,6.6,282,NORMAL
08:54:24,25.11,7.0,283,NORMAL
08:54:54,25.26,6.9,283,NORMAL
08:55:24,25.27,6.9,283,NORMAL
08:55:54,25.29,7.2,283,NORMAL
08:56:24,24.78,7.0,283,NORMAL
08:56:54,25.11,7.1,283,NORMAL
08:57:24,24.73,6.9,283,NORMAL
08:57:54,25.09,6.8,283,NORMAL
08:58:24,25.16,6.9,283,NORMAL
08:58:54,25.08,6.9,283,NORMAL
08:59:24,24.4,7.1,283,NORMAL
08:59:54,24.6,6.9,283,NORMAL
09:00:24,24.67,7.2,283,NORMAL
09:00:54,24.48,6.9,283,NORMAL
09:01:24,24.56,7.2,283,NORMAL
09:01:54,25.52,6.9,283,NORMAL
09:02:25,25.1,7.0,283,NORMAL
09:02:55,24.78,7.0,283,NORMAL
09:03:25,25.31,6.7,283,NORMAL
09:03:55,24.83,6.9,282,NORMAL
09:04:25,25.25,7.1,283,NORMAL
09:04:55,25.22,6.9,282,NORMAL
09:05:25,24.91,7.0,283,NORMAL
09:05:55,25.13,6.7,283,NORMAL
09:06:25,25.41,6.9,282,NORMAL
09:06:55,25.27,7.0,283,NORMAL
09:07:25,25.76,6.8,283,NORMAL
09:07:55,24.66,6.9,283,NORMAL
09:08:25,24.91,6.8,283,NORMAL
09:08:55,25.52,6.8,283,NORMAL
09:09:25,24.95,7.0,283,NORMAL
09:09:55,24.82,6.9,283,NORMAL
09:10:25,24.87,7.1,283,NORMAL
09:10:55,24.89,7.2,283,NORMAL
09:11:25,25.36,7.0,283,NORMAL
09:11:55,25.28,7.3,283,NORMAL
09:12:25,24.97,7.2,283,NORMAL
09:12:56,25.27,7.2,283,NORMAL
09:13:26,25.11,6.6,284,NORMAL
09:13:56,25.09,7.0,283,NORMAL
09:14:26,24.8,7.3,283,NORMAL
09:14:56,24.93,6.9,283,NORMAL
09:15:26,25.13,6.8,283,NORMAL
09:15:56,25.34,7.1,284,NORMAL
09:16:26,25.1,7.3,283,NORMAL
09:16:56,25.11,6.7,283,NORMAL
09:17:26,25.05,6.9,283,NORMAL
09:17:56,24.66,7.3,283,NORMAL
09:18:26,24.73,6.8,283,NORMAL
09:18:56,25.15,7.2,283,NORMAL
09:19:26,24.98,7.1,283,NORMAL
09:19:56,25.09,7.1,284,NORMAL
09:20:26,24.4,7.6,283,NORMAL
09:20:56,25.19,7.1,283,NORMAL
09:21:26,24.86,7.1,283,NORMAL
09:21:56,24.97,7.0,283,NORMAL
09:22:26,24.8,7.3,283,NORMAL
09:22:56,25.23,6.9,283,NORMAL
09:23:26,24.96,7.0,283,NORMAL
09:23:56,24.55,6.8,283,NORMAL
09:24:26,25.48,6.7,283,NORMAL
09:24:56,24.62,7.1,283,NORMAL
09:25:27,24.88,7.0,283,NORMAL
09:25:57,25.44,6.9,283,NORMAL
09:26:27,25.38,6.7,283,NORMAL
09:26:57,25.36,6.9,283,NORMAL
09:27:27,24.62,7.2,283,NORMAL
09:27:57,24.89,6.8,283,NORMAL
09:28:27,24.79,7.1,283,NORMAL
09:28:57,25.34,7.1,283,NORMAL
09:29:27,24.69,6.9,284,NORMAL
09:29:57,24.83,6.8,283,NORMAL
09:30:27,24.73,7.2,283,NORMAL
09:30:57,25.38,7.1,283,NORMAL
09:31:27,24.64,7.2,283,NORMAL
09:31:57,24.63,7.1,283,NORMAL
09:32:27,24.97,6.7,283,NORMAL
09:32:57,25.11,7.1,283,NORMAL
09:33:27,25.06,7.2,283,NORMAL
09:33:57,24.47,7.2,283,NORMAL
09:34:27,25.34,7.2,283,NORMAL
09:34:57,24.85,6.8,283,NORMAL
09:35:27,25.07,7.1,283,NORMAL
09:35:57,25.27,6.8,283,NORMAL
09:36:27,24.65,6.8,283,NORMAL
09:36:58,25.03,6.7,283,NORMAL
10:34:01,25.47,7.2,270,NORMAL
10:34:31,24.6,6.9,283,NORMAL
10:35:01,25.27,7.1,283,NORMAL
10:35:31,24.53,6.7,282,NORMAL
10:36:01,24.95,7.1,282,NORMAL
10:36:31,25.82,6.8,283,NORMAL
10:37:01,24.58,6.8,283,NORMAL
10:37:31,25.18,6.7,283,NORMAL
10:38:01,25.07,7.2,283,NORMAL
10:38:31,24.4,6.9,283,NORMAL
10:39:01,25.29,6.6,283,NORMAL
10:39:31,24.67,7.1,283,NORMAL
10:40:01,25.13,7.5,283,NORMAL
10:40:31,24.91,7.0,283,NORMAL
10:41:01,25.12,7.0,283,NORMAL
10:41:32,24.96,7.0,283,NORMAL
10:42:02,25.21,7.2,283,NORMAL
10:42:32,25.41,7.0,284,NORMAL
10:43:02,24.88,6.9,283,NORMAL
10:43:32,25.34,7.0,283,NORMAL
10:44:02,25.03,7.0,284,NORMAL
10:44:32,25.09,6.6,283,NORMAL
10:45:02,25.34,7.0,283,NORMAL
10:45:32,24.86,7.0,283,NORMAL
10:46:02,24.61,6.8,283,NORMAL
10:46:32,24.69,6.8,284,NORMAL
10:47:02,24.62,6.9,282,NORMAL
10:47:32,25.21,7.1,283,NORMAL
10:48:02,24.94,6.6,283,NORMAL
10:48:32,25.24,7.2,283,NORMAL
10:49:02,25.01,6.9,283,NORMAL
10:49:32,25.17,7.0,283,NORMAL
10:50:02,25.46,7.2,283,NORMAL
10:50:32,25.46,7.2,283,NORMAL
10:51:02,24.41,6.8,283,NORMAL
10:51:32,25.31,7.0,284,NORMAL
10:52:02,24.58,7.2,283,NORMAL
10:52:33,24.66,6.9,283,NORMAL
10:53:03,25.18,7.3,283,NORMAL
10:53:33,25.03,7.1,283,NORMAL
10:54:03,25.39,6.9,283,NORMAL
10:54:33,25.75,7.2,283,NORMAL
10:55:03,25.0,6.8,283,NORMAL
10:55:33,25.23,7.0,283,NORMAL
10:56:03,24.77,6.9,284,NORMAL
10:56:33,25.04,7.2,283,NORMAL
10:57:03,24.54,6.9,283,NORMAL
10:57:33,25.16,7.3,283,NORMAL
10:58:03,25.08,6.9,283,NORMAL
10:58:33,25.26,7.1,284,NORMAL
10:59:03,24.89,7.3,283,NORMAL
10:59:33,25.13,7.2,283,NORMAL
11:00:03,24.7,7.3,284,NORMAL
11:00:33,24.9,6.9,283,NORMAL
11:01:03,24.86,6.9,283,NORMAL
11:01:33,24.7,7.1,283,NORMAL
11:02:03,24.76,6.8,283,NORMAL
11:02:33,24.8,7.1,283,NORMAL
11:03:03,24.6,7.1,283,NORMAL
11:03:33,25.53,6.9,283,NORMAL
11:04:03,24.87,6.8,283,NORMAL
11:04:33,24.81,6.6,283,NORMAL
11:05:03,25.17,7.0,284,NORMAL
11:05:34,25.14,6.8,283,NORMAL
11:06:04,25.02,6.6,283,NORMAL
11:06:34,24.89,7.2,283,NORMAL
11:07:04,24.93,7.2,283,NORMAL
11:07:34,24.69,6.9,283,NORMAL
00:32:39,24.38,7.1,151,NORMAL,0
00:33:09,24.84,6.7,166,NORMAL,0
00:33:40,24.99,6.7,152,NORMAL,0
00:34:10,25.39,7.2,171,NORMAL,1
00:34:40,25.01,7.1,177,NORMAL,0
00:35:10,24.7,6.9,174,NORMAL,0
06:59:47,24.9,7.3,171,NORMAL,0
07:00:18,25.17,7.0,160,NORMAL,1
07:00:48,24.81,7.0,183,NORMAL,0
07:01:18,25.06,6.7,176,NORMAL,0
07:01:48,25.66,7.2,170,NORMAL,1
07:02:18,24.84,7.1,171,NORMAL,0
07:02:48,24.63,7.0,166,NORMAL,0
07:03:18,24.81,7.1,151,NORMAL,0
07:03:48,25.09,7.1,171,NORMAL,1
07:04:18,25.42,6.8,156,NORMAL,1
07:04:48,24.93,7.0,184,NORMAL,0
07:05:18,24.71,7.1,168,NORMAL,0
07:05:49,24.08,7.1,156,NORMAL,0
07:06:19,25.08,6.7,155,NORMAL,0
07:06:49,25.7,7.0,188,NORMAL,1
07:07:19,25.07,7.0,177,NORMAL,0
07:07:49,24.94,7.0,175,NORMAL,0
07:08:19,25.45,7.1,165,NORMAL,1
07:08:49,25.76,7.3,174,NORMAL,0
07:09:20,25.13,7.1,172,NORMAL,1
07:09:51,25.59,6.8,152,NORMAL,1
07:10:21,24.87,7.4,158,NORMAL,0
07:10:51,25.31,7.0,166,NORMAL,1
07:11:21,24.27,6.9,154,NORMAL,0
07:11:51,24.81,6.9,156,NORMAL,1
07:12:21,24.52,7.1,163,NORMAL,0
07:12:51,24.43,6.8,166,NORMAL,0
07:13:21,24.81,7.3,186,NORMAL,1
07:15:10,24.98,7.2,177,NORMAL,0
07:15:40,25.19,7.1,175,NORMAL,0
07:16:10,25.19,7.0,177,NORMAL,0
14:52:24,24.75,7.2,143,NORMAL,0
14:52:54,25.18,7.0,165,NORMAL,1
14:53:24,25.61,7.0,160,NORMAL,0
